customer_id,age,annual_income,spending_score,visit_freq,avg_cart,membership_years
1,43,11089,29,3,146700,7.2
2,57,5047,18,2,69100,12.0
3,39,10778,86,21,451700,9.1
4,30,8579,79,18,619800,8.5
5,35,10407,91,20,184700,11.8
6,63,5586,22,1,83300,6.1
7,52,10770,40,2,144600,3.5
8,26,2755,67,18,40500,1.3
9,39,10114,76,18,154600,5.7
10,38,9982,20,2,171100,2.5
11,38,9653,82,18,411000,9.2
12,41,8077,74,14,453800,4.5
13,52,4426,24,2,79500,8.9
14,43,9529,71,16,208900,6.6
15,28,2599,79,24,42400,0.8
16,51,4880,28,2,42400,1.7
17,37,12221,35,1,74100,8.9
18,29,8440,84,16,173800,5.2
19,42,12799,44,3,163800,3.0
20,52,8146,77,18,463700,4.4
21,25,3020,90,22,48400,0.6
22,58,4458,24,2,70700,6.1
23,70,4070,26,1,40000,0.8
24,55,13762,33,4,117400,8.8
25,36,10751,35,2,200700,9.7
26,36,3830,71,28,46100,3.9
27,67,4908,35,2,66900,6.4
28,24,2941,83,18,39500,1.1
29,47,13378,47,5,169100,9.1
30,29,3126,93,22,18800,2.7
31,45,4035,15,1,67600,0.8
32,50,14021,43,2,229600,7.2
33,62,3693,17,2,66100,9.5
34,51,11543,29,2,168100,3.0
35,35,12156,26,5,222400,5.9
36,52,13828,39,3,199600,1.9
37,49,11665,24,3,185000,7.7
38,26,4002,91,34,48000,0.9
39,50,13449,26,2,148800,4.3
40,63,5263,29,1,67900,8.6
41,28,2654,84,20,52300,2.4
42,31,3407,78,26,40800,0.9
43,36,7821,85,24,237800,5.2
44,28,9634,69,24,164900,7.1
45,37,9197,79,16,200000,11.5
46,70,5860,22,1,81500,10.0
47,46,9419,45,4,146500,2.2
48,53,3989,37,2,69300,8.7
49,63,4647,10,4,42500,12.0
50,53,5640,29,2,98100,8.4
51,59,4794,32,2,88600,7.4
52,37,10461,76,18,425000,8.6
53,52,13080,35,2,113000,5.8
54,25,2579,69,19,52600,1.7
55,40,12396,31,3,150000,5.6
56,39,10112,13,4,142300,3.0
57,40,11068,42,4,285800,8.3
58,51,11441,33,1,191800,2.4
59,63,6865,21,3,29300,4.7
60,42,9836,86,16,191000,10.4
61,27,2083,70,23,53200,2.4
62,23,2303,69,16,38500,0.5
63,39,8804,72,26,146400,3.4
64,36,9978,77,19,217900,7.5
65,52,8940,89,22,487100,9.8
66,38,12505,34,5,164200,5.3
67,44,10230,85,21,245600,10.0
68,47,13252,41,4,180300,6.3
69,53,9584,35,6,148700,9.5
70,38,9958,98,17,358600,7.1
71,55,4051,32,2,55800,8.4
72,63,7858,23,1,44800,2.7
73,57,5568,22,2,36200,10.8
74,63,4661,21,4,57400,2.4
75,42,11158,85,19,550000,4.0
76,38,10176,81,24,217300,5.8
77,42,8773,79,26,363600,5.5
78,45,8856,80,23,147800,4.2
79,41,10437,78,21,426600,2.6
80,46,11546,56,2,278800,6.3
81,30,3419,81,23,25200,0.3
82,53,11869,26,5,177300,3.2
83,26,3361,62,22,22700,3.7
84,33,3569,98,20,39500,2.8
85,38,7386,87,15,262400,9.4
86,46,9241,87,18,74800,11.7
87,41,11343,46,3,125700,5.8
88,30,3529,83,21,50100,0.9
89,28,4730,86,16,33800,0.6
90,20,2647,73,21,41500,0.4
91,30,2955,65,19,51500,0.3
92,36,11652,38,4,141600,4.4
93,25,3860,86,14,62800,1.1
94,55,5477,36,1,91800,1.8
95,63,6754,36,3,62900,10.3
96,48,14833,38,4,197900,6.2
97,35,9751,73,13,621800,11.5
98,46,10573,85,19,515800,7.3
99,36,10543,21,3,146600,6.1
100,27,3469,77,27,24500,0.8
101,70,4537,23,3,103700,9.0
102,30,2576,86,23,69100,2.7
103,50,11651,34,1,62300,8.5
104,28,2808,66,23,38700,3.6
105,54,12685,26,2,120600,8.1
106,52,4454,17,2,38400,1.0
107,65,4368,23,2,55700,8.4
108,48,12888,100,18,365300,7.3
109,52,13555,32,5,168300,2.8
110,34,10366,93,16,177000,6.3
111,44,12292,37,2,127600,4.3
112,27,3278,75,18,62200,0.2
113,43,8720,88,15,499000,3.6
114,63,5505,47,4,63800,0.8
115,24,3602,88,25,47400,2.6
116,45,10148,27,2,276200,9.7
117,35,13187,34,3,106500,4.2
118,44,9536,77,11,193300,8.9
119,70,5448,24,2,53900,5.3
120,34,9207,80,13,181400,4.5
121,47,10966,93,22,217500,4.9
122,37,10295,79,15,249400,4.4
123,70,5548,26,4,30300,4.8
124,29,9696,75,17,190800,10.7
125,46,8290,23,6,195200,1.3
126,35,11412,83,25,572000,11.3
127,46,11001,89,21,134700,8.9
128,32,8706,78,22,139200,8.9
129,64,6018,28,3,93900,11.2
130,36,11630,21,2,208500,3.0
131,33,10713,85,19,192900,9.4
132,45,12201,28,3,175100,6.8
133,47,13081,34,1,104600,7.4
134,27,3098,97,23,46300,1.8
135,30,9892,34,2,121400,7.8
136,32,8396,74,17,196200,3.4
137,65,5041,29,2,88300,3.3
138,21,2849,81,20,44800,0.4
139,55,5727,20,3,63500,7.9
140,27,2945,80,22,59000,3.3
141,53,11701,36,4,99100,1.5
142,28,3164,68,26,49300,1.5
143,57,5089,39,2,54300,2.1
144,40,10130,82,25,538500,5.4
145,27,2900,73,14,50600,2.7
146,30,10550,80,25,330700,9.1
147,46,9386,88,11,143100,10.6
148,56,5791,29,5,56600,7.5
149,42,9354,80,16,219800,9.0
150,56,6475,24,2,41500,10.0
151,21,3913,65,21,35000,2.4
152,21,2554,84,30,45200,3.7
153,50,5673,22,2,54500,2.0
154,37,12586,69,14,197500,3.5
155,28,3053,88,28,35600,3.1
156,43,10421,85,12,474500,7.1
157,37,9451,76,27,266400,10.0
158,70,7222,31,2,51400,1.8
159,44,12716,43,1,170000,3.7
160,48,10441,97,20,450600,5.6
161,39,9190,77,16,214200,5.7
162,46,7657,83,19,581000,11.2
163,47,9457,76,23,193300,5.9
164,52,15000,31,3,193200,7.5
165,30,3306,79,31,43800,2.5
166,64,4905,27,3,49200,8.1
167,24,3575,74,16,35300,1.2
168,34,2000,77,23,44500,2.3
169,36,7753,94,8,143500,8.5
170,42,11432,42,4,253900,4.0
171,41,12255,24,3,133200,5.7
172,43,9820,92,14,440400,3.4
173,28,2622,60,21,48000,2.6
174,45,5472,24,2,84400,3.5
175,24,2752,69,25,52800,2.8
176,47,11726,30,4,238100,8.1
177,48,12399,46,1,169600,4.9
178,55,15000,42,3,194800,3.8
179,57,13640,44,0,146200,8.8
180,31,9997,70,13,129600,4.5
181,49,12683,23,1,216200,1.8
182,67,3619,30,1,44800,11.0
183,39,12143,32,1,85500,7.5
184,70,4571,37,2,71500,10.5
185,38,9405,61,15,216200,5.6
186,58,5603,32,2,78600,0.5
187,44,10334,78,20,509500,8.0
188,54,8941,90,18,550100,2.1
189,23,3074,81,26,46500,1.3
190,45,12878,40,2,133200,8.1
191,21,3112,81,17,43100,3.7
192,31,8066,73,20,242000,8.4
193,47,12612,81,16,157100,11.5
194,40,8148,96,24,593300,7.4
195,26,3236,69,24,57600,3.4
196,30,2946,79,26,52200,1.1
197,34,3192,74,19,50000,1.5
198,26,3221,85,28,56800,2.5
199,48,11774,31,4,211800,7.6
200,35,10249,26,2,195800,10.0
201,45,9328,25,0,225200,2.2
202,38,11989,79,22,195100,2.3
203,54,5618,27,3,85200,9.4
204,33,10542,80,15,144000,5.5
205,63,5293,20,1,70200,4.7
206,43,13133,42,2,279700,4.1
207,42,11202,83,14,439800,11.7
208,70,4624,32,2,47300,0.3
209,44,10778,78,22,164600,4.1
210,48,15000,29,3,146600,1.7
211,64,4873,19,3,124000,8.3
212,59,5423,28,3,47800,7.2
213,33,3352,85,21,43600,3.1
214,47,13880,30,2,145100,5.9
215,45,10711,38,3,207900,6.3
216,21,4063,81,18,54500,3.2
217,49,12225,34,5,104600,8.0
218,35,3570,69,22,46700,2.8
219,65,5923,18,1,69300,12.0
220,34,10543,35,3,244800,6.7
221,33,9058,79,13,591600,7.0
222,38,9465,74,17,413500,6.4
223,50,9613,91,17,488400,3.0
224,26,3515,67,21,35200,1.0
225,60,3385,18,4,69800,5.8
226,24,2581,100,23,46300,3.3
227,42,12985,28,3,152500,2.4
228,32,8126,78,15,174200,8.0
229,27,3581,61,24,60100,1.5
230,37,11236,83,25,478800,4.4
231,44,10834,72,21,595800,2.7
232,33,12176,92,17,143500,4.2
233,55,4536,12,0,33200,7.4
234,43,13251,15,4,243700,2.2
235,23,2084,74,18,39800,2.2
236,29,10689,80,16,180500,11.0
237,48,11929,25,2,194900,2.0
238,43,10555,83,18,269500,3.8
239,46,9752,86,20,188200,3.9
240,38,9488,84,17,225500,9.5
241,35,9896,83,19,340700,4.6
242,42,11920,36,2,212700,9.0
243,29,3222,72,22,61900,0.4
244,56,5460,27,2,77800,0.6
245,27,3355,70,25,37400,0.3
246,26,3346,83,26,36600,0.6
247,24,9948,81,16,145800,11.8
248,48,12460,29,4,184900,4.8
249,46,4130,29,4,66700,10.3
250,56,6285,34,2,33000,0.5
251,29,3065,85,19,39700,3.9
252,30,2906,85,19,63900,3.2
253,39,8826,75,22,335300,6.7
254,66,5499,21,2,53900,2.2
255,48,10548,84,18,366900,2.8
256,34,11283,81,19,209000,8.5
257,41,11283,90,25,196700,5.0
258,49,3908,39,2,64500,3.9
259,46,11469,38,3,219400,1.4
260,27,2000,91,19,58300,2.1
261,39,9226,81,23,484900,7.6
262,47,5607,23,4,76400,3.8
263,20,2000,87,24,43900,2.2
264,58,4751,29,2,50700,11.4
265,45,5772,26,2,55100,9.5
266,34,9951,76,14,210800,2.9
267,43,12202,34,2,254100,7.0
268,38,7664,93,21,511700,8.3
269,35,10811,83,13,178600,10.2
270,37,8283,73,10,176200,4.0
271,28,2000,78,25,54200,3.4
272,26,9879,80,15,151700,3.2
273,49,12403,26,2,233600,8.4
274,37,9819,88,19,179000,4.5
275,46,10073,86,13,130200,2.4
276,49,11188,35,1,138600,5.5
277,29,2832,77,25,52200,2.8
278,53,3487,19,1,48800,7.4
279,26,3169,78,14,62800,2.8
280,37,8814,92,13,165400,10.5
281,25,3433,90,24,34200,2.4
282,43,8460,73,18,380800,8.4
283,45,10931,26,3,234800,2.9
284,56,5021,22,1,56500,9.7
285,45,10366,93,18,534000,10.9
286,32,9737,78,18,220200,9.4
287,53,5246,32,4,42400,9.0
288,30,4062,74,26,20600,2.0
289,42,8297,72,12,146500,10.3
290,29,8320,79,15,207100,5.0
291,32,9858,82,10,423800,8.3
292,26,3965,72,12,60600,3.4
293,56,5090,22,2,42000,2.5
294,37,10951,34,4,144800,2.3
295,49,5846,19,2,64000,10.4
296,23,3483,78,27,24100,1.3
297,43,13947,32,5,146900,3.3
298,35,12404,60,3,260300,7.2
299,36,9592,80,19,309600,4.8
300,26,3487,78,23,47600,3.7
301,25,2857,90,21,44600,1.0
302,70,4854,31,3,102600,0.7
303,62,4268,18,4,61700,4.7
304,59,7315,28,3,75900,11.3
305,43,10469,26,1,131200,6.6
306,45,7872,87,20,560400,7.9
307,37,9308,75,20,436600,8.3
308,54,11417,32,2,120000,1.2
309,70,5808,18,1,53600,6.2
310,43,9594,85,17,188000,8.9
311,50,5454,17,2,41400,0.2
312,26,2538,70,20,66300,3.0
313,35,3510,83,16,45200,0.1
314,49,4474,34,1,29300,4.5
315,39,10137,86,15,631500,5.4
316,27,3341,76,27,32100,0.9
317,40,11389,38,3,215500,2.1
318,47,10233,32,3,181500,9.5
319,30,2635,76,21,52600,2.5
320,53,10594,23,5,237800,8.4
321,39,8313,92,21,479100,3.6
322,26,2660,79,22,48900,1.0
323,28,3078,88,28,36700,2.7
324,52,4159,20,3,75300,5.3
325,60,4923,19,3,35200,10.7
326,70,5575,20,0,61200,0.2
327,21,3430,67,19,55900,1.8
328,57,3749,23,1,29300,7.6
329,26,4018,75,22,39400,1.8
330,54,12282,21,3,236600,5.1
331,30,4398,84,27,36700,0.7
332,61,5596,33,4,41000,9.5
333,46,11673,81,18,606800,6.9
334,46,15000,39,2,138800,4.2
335,39,10003,79,20,451300,8.7
336,29,4099,71,20,36100,1.9
337,44,9765,22,0,126800,8.3
338,24,3947,80,20,40500,0.6
339,49,12272,29,4,173200,2.8
340,29,3207,76,18,54700,2.7
341,30,2595,90,24,57300,1.2
342,24,3732,72,20,48000,0.9
343,38,10249,87,11,176500,7.3
344,56,4753,28,2,66200,6.2
345,63,4409,19,1,88400,0.1
346,27,2551,56,18,63000,2.4
347,38,11188,32,4,211000,9.7
348,31,3085,79,17,46900,1.6
349,40,10065,83,16,601600,9.6
350,46,8116,80,23,432800,8.2
351,26,3219,81,21,25700,2.2
352,26,3386,90,17,58100,2.9
353,57,5355,24,1,65600,1.8
354,35,11383,49,2,114800,9.2
355,23,3889,81,26,35300,1.9
356,39,2432,94,22,47000,0.2
357,43,13805,40,3,183500,9.0
358,48,13317,34,3,150500,3.4
359,57,11704,26,2,204900,2.5
360,55,4903,34,2,81600,8.8
361,20,2550,74,22,33000,3.9
362,40,10149,48,4,161000,1.9
363,37,10987,77,14,246200,8.4
364,29,9278,91,20,453200,9.1
365,56,3181,14,3,25900,5.6
366,28,2516,76,16,44000,1.0
367,48,8369,74,14,158800,6.0
368,64,4994,28,3,49400,3.8
369,53,12469,36,1,130000,4.7
370,30,2503,82,28,26600,3.9
371,34,9515,73,17,188000,3.2
372,52,4713,23,3,27900,7.0
373,28,2335,55,26,41600,3.3
374,52,13944,40,3,195200,1.6
375,50,6063,33,5,58000,10.4
376,22,2418,70,21,55100,0.1
377,52,4391,24,2,5000,5.1
378,36,11569,91,25,227400,7.4
379,66,6048,26,2,37100,11.9
380,28,3554,77,25,71500,3.5
381,29,2185,67,17,46100,3.1
382,23,2913,73,22,37600,3.9
383,56,14501,31,2,242600,6.6
384,56,5059,27,1,24400,3.6
385,27,3313,76,20,57800,0.7
386,36,7556,93,17,259500,5.7
387,63,4729,23,2,49500,8.7
388,36,13894,28,1,123800,5.0
389,60,5453,12,4,90000,6.0
390,56,5505,25,3,41600,3.6
391,50,10328,36,4,281100,6.9
392,50,14123,23,3,100700,6.1
393,39,11532,35,5,259300,3.2
394,64,3533,22,2,44200,3.0
395,33,14531,79,25,342400,8.0
396,26,3009,73,23,66800,1.1
397,49,12153,35,6,217000,3.8
398,24,4436,71,15,35700,3.0
399,63,5843,18,4,51200,8.6
400,58,3668,27,2,53200,4.7
401,28,2618,70,20,49900,0.9
402,51,13910,35,1,103700,3.2
403,41,8992,25,0,253100,6.6
404,29,3769,75,26,51900,1.6
405,46,14673,34,1,295600,6.5
406,50,4525,31,2,39800,3.2
407,25,3028,79,16,22700,3.0
408,30,9202,81,11,174600,11.5
409,40,10652,32,5,187400,2.2
410,24,3402,82,16,36100,1.9
411,33,8847,93,21,147800,4.2
412,63,5563,21,3,54100,0.4
413,33,3877,70,19,45200,1.7
414,38,12129,30,2,244400,8.9
415,36,3431,76,16,49700,2.0
416,23,3374,86,19,59600,3.1
417,69,5498,35,1,77600,3.9
418,53,5166,5,1,104200,2.6
419,42,8978,87,23,130900,9.8
420,52,5752,29,3,37900,2.6
421,55,4852,18,2,52200,10.3
422,37,8901,25,1,219800,8.9
423,65,4292,30,1,51900,7.3
424,51,10713,33,4,193500,5.4
425,20,2898,80,25,64100,0.6
426,23,3217,96,23,37600,1.0
427,51,12483,16,2,148800,8.2
428,42,8701,74,24,547600,7.4
429,25,2231,75,20,46800,1.0
430,33,12692,26,2,160700,8.2
431,33,2983,66,26,34200,2.4
432,53,3625,9,2,34900,1.2
433,48,10225,30,3,154500,6.5
434,42,11061,31,0,164400,4.0
435,27,3764,92,28,38400,2.4
436,47,13099,25,2,150000,4.3
437,59,5323,13,2,14600,3.0
438,65,3791,27,2,59600,9.6
439,40,11797,95,16,207100,7.8
440,30,3238,82,10,46200,3.0
441,41,9926,85,13,162100,4.2
442,43,10883,81,20,127900,9.2
443,70,5051,31,2,68400,7.3
444,30,2667,89,18,54300,1.6
445,64,4779,24,2,43200,1.0
446,64,5879,25,2,74500,9.6
447,41,14296,14,3,164400,3.6
448,36,11385,67,17,127900,11.9
449,29,3509,82,16,38700,2.3
450,31,2773,76,22,46500,3.9
451,43,11141,30,3,199000,7.5
452,27,9159,81,20,542200,6.2
453,32,3219,59,18,47800,2.6
454,46,12651,35,2,180500,8.2
455,34,9955,82,17,210000,11.1
456,41,11356,93,19,392400,7.5
457,24,2977,83,23,60500,3.8
458,42,15000,26,4,126100,5.7
459,42,10215,46,0,264400,3.4
460,44,5612,14,2,49900,2.7
461,45,12426,25,2,186700,8.8
462,21,9050,77,14,192200,4.8
463,70,3796,20,0,66200,10.7
464,40,8535,84,19,201400,5.2
465,23,3425,76,17,44500,1.8
466,46,11573,35,3,153400,6.5
467,40,9131,87,21,425000,11.7
468,58,4378,20,2,40300,6.3
469,55,4467,37,3,49800,1.0
470,32,4429,81,21,45700,2.5
471,51,11892,43,3,143900,2.8
472,41,12644,36,0,215700,1.1
473,43,10490,91,20,517800,10.4
474,22,3208,81,20,61300,2.3
475,33,11086,76,21,342500,9.0
476,45,9204,77,19,347300,11.9
477,70,4513,37,3,35900,9.4
478,49,12322,35,2,183600,6.5
479,51,11904,85,21,418400,4.5
480,51,11533,32,4,149000,5.4
481,25,4022,77,24,38000,1.9
482,66,10859,33,4,220100,5.9
483,43,12042,40,5,126900,3.2
484,48,11534,26,2,130700,6.0
485,52,5236,30,2,53700,1.8
486,29,3428,65,16,50800,3.3
487,26,2000,74,26,38800,0.4
488,31,3047,85,22,44200,2.7
489,47,12441,24,2,248700,4.4
490,37,11108,31,3,156100,1.7
491,34,10710,32,2,260200,6.1
492,43,12917,27,4,167100,4.3
493,30,3158,80,22,51700,3.5
494,36,9114,86,26,215600,8.3
495,24,3048,86,23,48800,4.0
496,50,9716,33,3,198800,3.6
497,39,11197,68,18,243100,6.5
498,60,4568,24,2,74100,8.6
499,30,3322,85,20,46000,1.8
500,50,12735,24,2,205500,9.1
501,49,10509,25,5,136200,6.5
502,32,10381,82,15,181500,8.5
503,51,11869,13,4,74000,7.8
504,49,11587,26,6,180100,1.7
505,28,3279,83,19,66400,3.8
506,59,3839,35,2,62600,4.2
507,66,2928,26,1,44100,11.0
508,48,11250,35,4,191400,9.2
509,43,12279,29,1,246500,1.4
510,39,10120,84,16,470600,7.1
511,54,4592,32,2,66500,11.4
512,21,3338,89,23,41200,1.3
513,43,10677,12,7,145100,3.3
514,24,9940,86,10,532000,2.3
515,52,4889,23,3,57400,7.3
516,51,11319,34,5,211200,9.3
517,57,3643,23,1,73100,2.0
518,34,9763,92,18,220200,11.9
519,45,13143,32,4,113500,3.0
520,27,2728,82,23,63500,3.0
521,46,10823,28,4,177100,8.2
522,42,13764,35,2,164400,1.1
523,46,10463,33,2,36500,7.8
524,35,10668,73,19,106400,3.3
525,45,9418,94,19,220300,7.0
526,42,11906,31,3,283000,8.9
527,36,8123,79,19,196600,7.8
528,52,9960,26,2,203400,4.4
529,23,2516,77,18,56700,2.2
530,26,3009,77,20,34400,3.2
531,60,4563,30,2,37700,5.3
532,29,8546,76,17,364800,4.0
533,20,3061,76,20,61500,0.7
534,38,9817,26,2,111600,1.6
535,32,3349,74,24,36400,3.4
536,20,2646,86,18,50500,0.4
537,39,12113,25,3,224900,4.4
538,20,2611,88,20,22700,0.4
539,62,5222,32,2,63700,5.5
540,34,7413,81,15,168300,9.1
541,59,4380,23,4,70100,3.5
542,41,9021,36,5,181600,3.3
543,53,5310,25,1,72500,2.8
544,40,11159,11,4,215700,4.9
545,52,10581,77,19,555900,9.1
546,24,2853,78,24,33700,0.4
547,30,9257,82,16,124300,6.4
548,30,3159,78,21,73100,3.9
549,40,7963,85,20,213200,5.7
550,42,9642,73,21,182900,4.7
551,70,5206,31,2,58100,4.1
552,44,9621,82,18,532100,7.3
553,20,2716,77,21,49000,0.3
554,55,4427,22,3,36900,5.2
555,42,10410,92,16,192400,11.5
556,47,9474,85,18,151400,7.7
557,51,3790,15,2,84500,9.3
558,36,10355,80,14,509500,10.8
559,62,3911,29,1,56900,4.4
560,60,6457,28,2,61900,10.7
561,46,10591,40,3,215800,9.2
562,58,3110,21,2,80700,4.7
563,36,8418,71,22,537300,7.7
564,44,9462,81,19,479100,10.8
565,49,3619,9,2,49000,5.2
566,46,9594,87,16,244400,8.8
567,50,5215,25,2,43800,5.9
568,23,3690,67,26,59800,3.7
569,37,10403,88,21,171700,9.9
570,29,12044,78,20,139200,4.7
571,57,14117,36,3,249700,5.2
572,46,6789,85,17,432500,11.5
573,46,5373,26,0,48800,7.0
574,63,6486,27,2,70500,4.4
575,28,3121,80,22,58400,1.7
576,62,5815,22,1,44100,8.6
577,28,2877,79,22,55400,2.0
578,40,6973,73,14,182400,7.0
579,31,8416,74,20,404900,11.2
580,58,3524,19,3,42500,7.3
581,55,4223,21,1,35700,7.8
582,36,11753,31,2,180800,9.8
583,39,14576,33,4,225400,8.0
584,23,3392,65,24,45200,3.4
585,34,13829,33,1,151800,5.5
586,63,4757,18,2,49700,9.2
587,69,4179,23,1,61100,7.4
588,22,3235,90,22,58700,2.5
589,59,4673,24,2,58700,8.9
590,47,8095,80,18,181800,5.7
591,38,10245,89,24,289000,3.0
592,29,2189,76,21,36100,0.7
593,30,10660,29,0,201900,8.0
594,20,3364,100,24,45500,0.0
595,68,5849,30,2,83200,3.5
596,27,10350,88,19,301100,4.6
597,42,7941,78,20,511500,8.9
598,58,12393,22,1,173300,1.4
599,50,12167,40,2,155300,3.4
600,34,9408,83,21,268200,11.7
601,21,9490,80,11,259300,11.0
602,28,3644,75,27,47300,2.8
603,41,11285,70,17,443400,10.8
604,34,9941,94,13,226100,10.6
605,70,4180,38,3,83200,1.2
606,65,5815,20,3,52600,11.0
607,50,12472,43,4,177400,3.0
608,51,6251,24,2,35300,9.2
609,29,8717,90,16,423900,10.6
610,33,2762,56,25,45600,1.2
611,51,5414,29,0,81800,10.0
612,34,10858,93,7,205500,2.8
613,46,10845,28,2,195700,4.1
614,64,11405,41,2,200800,7.9
615,29,4167,79,22,53700,4.0
616,38,9203,92,12,177500,5.8
617,62,5271,31,1,40400,4.6
618,31,8881,87,22,433600,2.7
619,52,4019,24,1,75800,11.8
620,32,12364,35,2,197600,2.2
621,41,8722,88,21,236400,11.1
622,49,12619,17,0,158100,2.4
623,28,3024,83,25,77400,3.2
624,39,10638,34,3,209500,1.4
625,24,3745,81,17,24600,3.3
626,23,2667,86,23,49600,3.4
627,48,11407,31,2,206300,7.2
628,70,4791,24,2,70100,10.2
629,20,2659,72,23,46000,2.0
630,43,10702,36,4,117200,7.4
631,38,9061,79,25,462500,3.4
632,50,13134,39,4,167300,8.6
633,49,10800,85,8,239400,7.1
634,55,6797,23,1,71700,8.7
635,27,2989,83,18,38400,1.7
636,28,3478,73,22,50800,1.1
637,22,3100,70,17,41300,1.7
638,39,10180,84,17,170000,10.1
639,21,9273,80,14,246500,6.2
640,37,8676,83,23,461000,10.9
641,53,5305,15,1,69400,0.2
642,25,2823,76,25,52600,0.7
643,69,4981,22,0,67000,2.4
644,49,11305,77,21,613200,4.8
645,36,9979,78,21,507100,10.1
646,41,8114,78,17,205800,8.2
647,34,2000,67,19,49300,0.8
648,27,3330,84,25,54500,3.8
649,47,11235,22,6,230700,6.2
650,42,11693,44,4,224200,7.0
651,61,5624,29,3,49900,1.1
652,53,5043,19,1,9400,5.7
653,50,11547,43,6,181800,8.4
654,28,2680,81,19,34400,2.4
655,43,7998,85,13,155300,11.8
656,27,3701,93,18,33900,0.2
657,59,3405,24,0,50900,9.2
658,41,9081,80,25,348500,4.8
659,32,10603,89,14,170200,8.9
660,28,3387,93,19,15700,2.1
661,27,8844,76,22,190800,10.9
662,46,12171,29,2,291600,9.9
663,32,9847,28,5,83400,9.9
664,34,10786,80,16,169200,3.5
665,70,5118,22,0,16000,7.5
666,39,10160,90,16,196100,9.3
667,37,10114,74,27,366400,2.6
668,53,11552,35,3,203100,9.7
669,53,10857,21,3,91800,7.8
670,45,9466,27,4,130800,5.8
671,67,6003,29,2,52800,9.2
672,30,2748,93,18,34400,3.7
673,48,3206,30,4,80500,4.9
674,43,10710,27,2,185500,4.7
675,34,8746,86,19,330300,4.0
676,30,3402,68,23,63300,1.3
677,30,8528,84,14,420600,6.6
678,28,2731,67,26,30800,2.7
679,61,3908,31,1,53500,7.2
680,49,10440,24,7,132600,8.0
681,39,11065,33,1,204600,6.1
682,31,2459,82,25,72300,0.7
683,50,10265,25,0,174000,1.4
684,42,13191,27,3,160300,7.3
685,28,4065,80,17,52700,0.0
686,25,3494,71,22,57100,0.5
687,40,10248,84,17,443500,2.3
688,59,5046,13,1,67500,7.5
689,69,3950,33,1,26400,8.6
690,32,3134,81,23,23400,3.8
691,41,12667,37,4,186200,8.6
692,63,4592,28,4,69200,3.7
693,70,5425,15,0,20700,10.6
694,25,3314,73,19,35400,0.6
695,67,4592,20,2,91600,6.2
696,42,11810,76,25,517300,3.4
697,29,6913,80,17,126600,7.5
698,37,4279,71,26,68200,0.9
699,59,4211,33,2,43900,10.4
700,41,11452,35,4,185600,5.4
701,22,3245,73,25,45000,2.9
702,27,2931,79,23,46600,1.8
703,54,3552,29,1,32900,10.4
704,29,3100,77,19,43800,3.5
705,44,9226,28,4,255600,8.2
706,29,2209,76,22,32100,2.2
707,23,2470,72,25,8200,3.0
708,24,2072,87,20,41600,0.9
709,29,3929,85,21,58500,1.1
710,32,7678,85,16,602400,10.4
711,36,8711,91,19,573700,9.1
712,35,8009,86,23,598800,7.2
713,27,8639,78,12,227900,9.8
714,37,8956,94,16,162700,10.5
715,31,3295,73,23,56100,0.5
716,44,3174,33,2,47600,2.1
717,46,10822,17,2,125500,4.7
718,24,2887,77,30,56300,0.2
719,53,11819,31,4,194600,7.8
720,55,10356,40,3,220400,1.6
721,42,11704,29,3,165200,2.5
722,37,11748,78,19,686700,2.9
723,57,4292,30,1,32500,4.7
724,49,13987,29,3,89600,2.8
725,33,8415,89,15,215500,6.0
726,54,4869,26,2,70900,9.8
727,40,11325,33,4,83200,6.6
728,29,2693,72,20,63800,0.0
729,65,5025,20,3,42700,2.1
730,20,3231,84,20,35200,1.3
731,29,4137,82,20,53500,1.9
732,21,3095,63,16,56800,3.3
733,28,4016,74,14,26400,2.8
734,51,4472,12,0,62100,2.9
735,26,2573,94,23,44100,0.5
736,25,9169,76,15,165000,5.8
737,56,5622,26,2,70400,2.2
738,28,2679,72,20,45100,2.3
739,47,4695,21,3,49800,9.7
740,37,11579,37,4,182300,5.2
741,54,5845,24,1,68900,1.8
742,67,4286,33,1,78200,1.6
743,37,11877,24,2,281500,1.9
744,34,9592,73,19,464200,8.2
745,43,10248,32,5,205300,9.0
746,67,4922,34,1,65600,6.1
747,26,3183,67,16,43400,1.3
748,41,9218,79,17,222000,7.3
749,22,9562,78,18,181600,11.8
750,27,10581,78,16,287300,6.6
751,42,12431,36,6,152500,4.3
752,51,4661,33,1,84100,3.3
753,25,3466,76,20,41800,2.5
754,28,3367,73,19,26700,3.0
755,34,10373,62,15,216000,8.7
756,46,12093,20,4,207900,1.1
757,34,8266,85,14,272700,8.4
758,40,12180,34,2,179700,8.6
759,61,5112,31,3,66000,8.4
760,41,11593,28,4,156500,1.8
761,38,10211,87,18,334600,2.5
762,48,11649,43,2,134700,7.4
763,50,12933,31,1,195400,4.0
764,28,10504,69,18,211000,6.3
765,40,9864,27,4,182000,2.8
766,54,6117,16,0,51800,4.9
767,48,9335,76,17,192600,11.7
768,35,10595,76,16,484200,2.5
769,42,10627,42,3,213100,4.2
770,43,10475,26,3,131200,5.6
771,36,11884,40,4,261400,4.5
772,38,8042,88,16,355000,8.1
773,28,2595,82,26,32400,1.0
774,26,2987,78,21,56000,3.0
775,44,10233,94,17,380300,5.6
776,41,8295,82,16,224400,11.4
777,32,10628,51,2,233900,6.5
778,43,9444,69,14,322300,10.3
779,29,2975,77,24,50300,2.9
780,47,14384,24,0,128500,8.8
781,49,11256,69,16,237300,6.2
782,31,7865,81,12,185200,5.3
783,37,12860,73,20,181200,5.4
784,31,2587,70,24,49600,0.7
785,40,11156,34,3,232100,1.9
786,35,7133,89,10,250100,4.0
787,59,13395,34,5,68700,9.6
788,30,2579,71,20,34800,0.1
789,28,2331,73,23,46200,2.6
790,45,11937,37,3,185100,6.7
791,28,4279,83,27,20300,0.0
792,48,10440,18,2,140900,5.7
793,42,9799,80,24,263300,4.0
794,49,10876,86,16,144500,11.4
795,31,2886,83,26,71200,2.9
796,47,4609,28,2,62000,11.1
797,20,2749,76,22,39500,1.0
798,62,4294,35,3,85700,6.0
799,30,3345,81,22,53100,2.1
800,41,9210,90,23,659900,4.1
801,59,5180,15,3,93900,2.9
802,59,6069,36,3,34300,7.6
803,32,3016,80,24,41900,3.5
804,48,11323,46,2,99900,8.3
805,42,9542,85,19,493600,9.7
806,52,14063,28,3,87200,3.6
807,58,4843,16,1,95400,3.8
808,30,3144,85,22,36600,0.4
809,38,10247,91,14,170100,5.9
810,28,4073,74,17,43900,3.2
811,42,10041,72,23,168200,6.8
812,49,5784,34,3,54700,7.6
813,43,9888,89,16,186200,10.5
814,35,3334,73,25,47900,1.0
815,38,10438,25,4,294400,1.1
816,48,11067,35,3,214700,3.8
817,58,5680,20,1,83000,9.0
818,29,3667,84,17,75900,0.9
819,66,4837,30,3,41900,10.9
820,28,3895,77,18,45400,2.5
821,51,5032,27,2,46400,3.4
822,49,10076,33,6,143000,3.6
823,36,8722,94,21,167400,4.7
824,66,5820,31,3,87700,8.5
825,21,3570,77,24,49100,0.6
826,53,13059,29,2,143200,10.0
827,22,4153,89,13,30700,3.1
828,41,11085,22,4,223400,3.4
829,32,3438,76,25,21500,0.7
830,48,11806,34,4,128900,6.0
831,57,10867,36,6,148700,3.6
832,45,14849,35,3,48800,7.4
833,62,5063,28,1,95400,8.6
834,64,4704,15,1,52600,3.0
835,44,10114,32,5,145800,3.0
836,53,5490,21,4,52700,7.6
837,59,4067,25,3,64500,6.2
838,27,4077,79,21,49400,1.7
839,54,6475,27,2,50200,3.7
840,43,12687,47,3,204000,2.2
841,70,5081,9,1,32500,5.5
842,35,11306,32,3,130800,6.5
843,66,3447,25,1,70000,3.9
844,63,4496,23,3,44100,9.2
845,30,10993,87,22,715500,11.8
846,58,5029,17,4,48100,8.3
847,32,9379,78,20,508000,6.7
848,56,6020,20,2,48700,2.1
849,51,12223,41,3,230800,10.0
850,56,12748,22,3,329800,6.6
851,59,11724,38,5,237300,8.3
852,40,9781,26,6,145700,2.0
853,35,9550,87,16,573600,5.6
854,52,13724,23,3,153000,2.6
855,26,2663,82,15,31100,2.0
856,45,12039,27,5,232700,3.3
857,49,10469,79,16,164300,11.9
858,69,5816,29,1,46500,2.4
859,34,10687,22,2,135100,8.2
860,39,8876,89,22,609900,4.1
861,44,7764,83,19,486700,3.8
862,29,3322,69,13,61800,3.0
863,56,7841,22,0,62400,10.5
864,36,11769,79,25,252600,6.0
865,49,5008,28,2,46800,10.5
866,56,6796,12,2,54000,5.3
867,29,2544,65,25,78200,0.6
868,37,7069,74,17,539000,2.8
869,32,9466,81,20,169600,3.8
870,50,4990,39,2,78300,5.6
871,22,3067,82,20,22800,0.3
872,34,3588,83,26,39500,3.1
873,38,10931,93,21,436900,7.6
874,36,12749,39,1,125000,1.8
875,20,3644,62,21,58700,3.7
876,61,4165,38,2,82700,11.5
877,30,7735,81,27,556400,3.5
878,42,12937,43,2,208500,7.5
879,30,9977,20,3,199400,2.3
880,41,9649,32,3,180300,5.5
881,20,2998,71,20,60200,0.2
882,29,3401,77,27,45500,2.8
883,45,10557,24,4,239400,7.3
884,31,3755,81,27,58000,2.6
885,23,4071,78,23,40500,2.7
886,49,7463,88,15,569300,7.8
887,45,4866,15,2,70600,3.0
888,54,11117,24,1,180200,1.5
889,41,11210,30,5,143300,1.5
890,42,6224,80,26,455600,3.7
891,27,3202,75,16,58600,0.3
892,38,10353,78,22,520900,7.7
893,49,9977,28,3,199400,5.6
894,50,7174,18,3,23200,7.7
895,38,6660,21,2,88900,1.3
896,26,4237,79,14,34200,2.3
897,25,2910,95,23,45100,0.2
898,25,2888,87,15,49000,1.8
899,29,9030,93,16,576000,7.1
900,30,10585,74,17,193200,8.3
901,67,14537,27,3,230500,8.9
902,30,3792,72,22,59900,0.2
903,34,10667,15,3,181100,3.2
904,49,8796,39,3,211000,8.7
905,57,3611,22,2,61100,1.3
906,56,3400,34,2,42500,7.2
907,53,11377,41,4,185300,7.8
908,37,7747,85,18,377000,9.7
909,38,10307,79,22,204600,2.9
910,29,3445,92,31,24500,1.0
911,32,3720,81,24,59800,2.4
912,61,5478,23,2,69000,5.9
913,46,9748,20,1,219800,4.3
914,39,10904,88,15,418000,6.9
915,46,12870,34,2,209500,6.4
916,47,12244,20,3,130300,1.2
917,24,3446,80,23,44000,3.9
918,38,9588,84,23,168700,7.4
919,58,5905,29,2,115300,7.8
920,46,9448,87,18,350200,11.8
921,43,9206,96,14,318400,8.3
922,56,4221,23,1,53900,1.7
923,28,3142,88,17,59800,1.8
924,33,3172,71,24,66900,0.3
925,37,8718,86,18,251700,5.2
926,65,9373,38,2,176000,5.9
927,30,7979,78,19,191900,7.5
928,55,11724,42,1,170900,7.8
929,38,11232,73,18,341600,8.7
930,40,8039,65,21,348500,10.9
931,31,4302,75,28,37300,2.8
932,31,3418,88,19,60100,0.0
933,36,11079,80,19,554800,9.8
934,39,13935,40,1,131200,8.7
935,28,2025,93,10,33500,1.1
936,44,8996,95,24,302200,4.4
937,29,9084,81,13,153300,11.9
938,29,2207,69,33,47200,1.4
939,28,8389,92,17,438400,3.0
940,38,14472,41,1,198400,4.4
941,32,3868,78,20,16500,0.2
942,32,8155,82,17,503000,9.5
943,36,3404,78,22,16400,4.0
944,48,5013,24,3,103400,7.7
945,33,2128,83,24,30800,3.5
946,47,5085,22,1,53800,7.1
947,49,14297,38,3,148100,8.7
948,35,9114,79,15,181300,2.3
949,25,3533,71,15,48900,0.4
950,61,5762,26,2,59400,9.4
951,26,3801,86,25,39100,0.0
952,24,4271,73,15,51000,2.4
953,56,11339,27,3,144600,6.1
954,29,3148,71,24,50900,3.9
955,29,3525,76,22,60000,1.4
956,45,11343,19,0,251300,7.6
957,28,4630,68,20,44500,2.2
958,61,5688,23,3,57400,4.3
959,36,9996,83,16,94400,8.6
960,69,4418,13,3,64500,2.8
961,43,7371,78,14,119600,8.7
962,34,8163,79,18,182300,6.4
963,53,11419,30,0,227900,2.6
964,23,2497,74,27,53900,1.9
965,61,5100,36,1,61300,2.5
966,43,10676,70,26,338200,7.7
967,41,7297,85,14,252400,2.3
968,42,11159,79,17,418200,10.3
969,27,3434,76,17,29900,2.5
970,50,5476,21,3,59400,1.1
971,36,10617,83,24,454500,7.6
972,29,3827,81,21,52500,0.3
973,25,2698,72,28,56200,3.1
974,54,5959,17,4,35100,0.6
975,42,10664,91,22,163100,9.3
976,33,8426,98,9,187100,7.0
977,45,9185,91,12,211200,10.2
978,24,11716,79,11,223300,9.7
979,22,3535,73,23,42400,0.9
980,25,4088,82,20,43700,1.7
981,53,5389,27,2,54300,8.8
982,29,2827,65,19,52000,2.6
983,35,11239,81,14,220000,9.8
984,63,5092,32,1,32600,5.3
985,49,7360,81,21,168000,7.7
986,36,8820,85,18,314600,11.1
987,56,10834,38,4,220300,1.6
988,29,2956,69,23,38100,2.4
989,28,2431,79,23,47700,1.3
990,25,3781,86,24,38600,0.6
991,54,3893,24,4,68700,7.0
992,30,9960,83,20,166200,9.6
993,39,11526,71,19,460100,10.4
994,29,10902,80,16,265000,7.3
995,21,3552,77,17,34600,4.0
996,30,2828,74,29,33000,0.4
997,24,4139,82,16,50600,2.3
998,55,4195,34,2,47500,11.9
999,40,12980,28,4,179900,4.8
1000,38,10374,84,27,598500,7.7
1001,31,2983,68,22,47300,1.9
1002,37,9748,27,2,178000,8.9
1003,36,11346,76,17,210700,2.9
1004,47,12584,32,7,95900,2.3
1005,40,8124,81,22,183800,8.5
1006,31,9680,27,3,199900,8.3
1007,48,15000,32,0,235400,9.6
1008,33,11433,69,18,191800,6.7
1009,51,4781,25,2,73700,1.5
1010,30,3629,69,23,36400,1.6
1011,23,3972,80,17,75400,0.7
1012,38,9448,79,25,278800,5.8
1013,59,4910,25,1,57000,11.2
1014,53,12642,21,2,108900,9.1
1015,35,13222,80,12,198400,2.2
1016,27,2700,75,15,38600,1.5
1017,59,4615,27,1,66400,4.3
1018,39,8471,72,22,165800,8.2
1019,61,5497,28,3,93300,9.2
1020,28,3115,71,25,41500,0.9
1021,58,6227,27,3,47700,1.9
1022,30,3448,90,22,55200,1.6
1023,45,13150,48,2,179900,4.6
1024,69,7526,15,2,86200,8.5
1025,35,8215,84,16,452000,9.2
1026,28,3989,62,20,20000,0.4
1027,39,3006,81,23,27200,2.7
1028,44,5318,22,3,64600,7.3
1029,26,3621,69,20,31900,1.5
1030,60,4951,31,2,73500,2.8
1031,27,2951,76,30,60900,0.7
1032,59,5206,32,4,33600,5.4
1033,36,10032,96,20,428000,2.8
1034,30,4343,75,25,39600,3.5
1035,70,4645,32,1,23600,5.3
1036,34,11350,30,3,192000,3.6
1037,57,4676,32,2,37800,3.1
1038,23,2166,79,24,37800,3.7
1039,61,4997,28,2,62500,1.4
1040,38,10419,86,18,617600,11.3
1041,48,9073,78,24,514400,3.7
1042,22,3660,64,25,72300,1.6
1043,26,3713,91,21,49900,3.9
1044,35,8108,73,15,131100,4.9
1045,20,3699,79,17,58600,0.3
1046,52,12752,24,3,253800,8.7
1047,63,3716,28,2,52200,2.1
1048,31,11132,79,19,265300,10.6
1049,53,4372,21,4,65300,11.3
1050,24,2953,69,19,25500,0.6
1051,34,2911,72,25,41700,3.7
1052,63,5287,37,3,48800,11.4
1053,27,3466,69,24,52600,1.1
1054,36,12505,24,1,178300,9.0
1055,58,6249,22,1,48700,4.6
1056,42,10450,74,29,446300,9.9
1057,29,3134,65,22,49700,0.2
1058,29,8896,83,15,205200,2.5
1059,20,3641,81,22,54400,1.3
1060,22,2934,71,19,54300,2.0
1061,48,9408,30,2,120700,7.0
1062,21,5107,69,18,48500,1.0
1063,32,10322,79,15,173300,6.5
1064,57,5511,17,1,72600,9.6
1065,47,8366,85,18,563400,11.4
1066,43,13275,39,3,238800,8.7
1067,32,3471,98,22,54800,1.6
1068,42,9120,37,3,169000,1.7
1069,29,2434,85,18,60900,1.8
1070,36,10601,31,3,221200,4.5
1071,54,6892,19,1,32500,1.0
1072,41,8716,91,18,501600,5.7
1073,34,10297,83,23,366200,5.5
1074,42,9198,31,2,167000,7.9
1075,49,10228,37,3,251700,3.8
1076,32,4252,64,20,48400,1.1
1077,45,10461,87,11,269900,11.1
1078,46,5184,32,3,20600,8.5
1079,36,10015,81,9,208800,11.5
1080,53,5264,23,3,38000,4.6
1081,57,5245,28,2,76400,7.7
1082,62,5197,34,3,24300,4.0
1083,59,11402,30,4,181700,8.8
1084,45,9402,14,5,127000,7.0
1085,28,2575,69,23,57500,1.8
1086,32,3129,72,25,53000,1.3
1087,23,4293,69,23,34800,1.2
1088,25,3438,73,26,55000,1.0
1089,35,8998,90,24,365900,2.6
1090,30,4001,84,19,31200,1.6
1091,53,9762,82,16,419200,11.6
1092,58,4404,23,3,49900,6.2
1093,38,9957,84,16,507800,3.7
1094,59,5612,26,1,54100,10.1
1095,47,12703,27,5,133100,4.5
1096,36,11017,81,19,598300,8.4
1097,37,3694,63,23,62900,3.1
1098,36,10608,69,17,378600,4.2
1099,55,10797,37,2,248000,2.4
1100,27,2532,90,23,45200,2.6
1101,51,4788,29,1,45000,11.7
1102,53,3321,21,1,71000,3.1
1103,42,10247,84,20,115900,12.0
1104,26,2357,61,24,41300,0.8
1105,43,8244,86,10,373600,5.1
1106,34,9742,89,25,599400,11.5
1107,21,2381,72,26,53200,2.6
1108,36,9589,78,5,155300,10.1
1109,29,11668,33,4,199100,8.6
1110,35,12005,18,1,210400,1.6
1111,44,11609,36,3,166100,1.1
1112,51,9567,79,22,586800,5.0
1113,56,6210,17,1,20100,11.8
1114,35,9698,73,16,186400,7.0
1115,39,10926,80,20,217100,10.2
1116,22,2818,77,16,52300,3.1
1117,47,3778,9,3,67800,6.3
1118,56,4788,22,2,41800,11.9
1119,43,9441,74,13,215000,3.5
1120,43,13238,28,2,206200,2.1
1121,35,11499,90,12,607500,9.3
1122,23,3363,86,13,32100,0.2
1123,59,5518,21,4,82600,3.0
1124,48,9909,74,20,144200,6.4
1125,28,3242,83,19,52900,2.6
1126,44,9311,38,3,135900,1.9
1127,25,3771,77,21,53100,1.8
1128,54,6391,22,3,75200,11.8
1129,50,15000,25,5,106400,1.7
1130,36,8296,85,15,198000,4.0
1131,45,10349,35,0,223600,8.1
1132,34,11321,43,3,222400,1.2
1133,44,11602,91,28,369400,2.8
1134,42,9108,84,14,366900,11.8
1135,24,8584,72,19,654300,8.5
1136,29,3013,89,17,40100,0.9
1137,36,11610,79,18,146400,2.5
1138,41,13436,26,2,206900,7.2
1139,43,12210,35,3,216400,1.2
1140,57,4601,19,2,75800,0.9
1141,34,8978,81,13,197500,10.9
1142,66,5238,34,0,79500,7.3
1143,37,11355,72,25,301300,7.3
1144,47,11131,43,4,170600,8.3
1145,25,3378,76,21,55900,1.5
1146,23,3584,81,20,71800,0.8
1147,22,2162,92,23,50300,2.7
1148,31,2065,63,27,42100,2.8
1149,30,2939,73,27,50900,3.8
1150,40,8250,92,20,571000,7.6
1151,26,2900,86,27,62700,2.4
1152,26,4277,85,25,39800,3.6
1153,68,5474,14,3,75900,0.4
1154,33,8228,83,15,422700,6.0
1155,57,4983,13,2,55100,10.9
1156,32,9051,74,23,525600,10.7
1157,29,3523,61,19,37600,2.0
1158,40,10622,86,22,482300,11.2
1159,23,3345,78,15,51100,3.5
1160,42,10672,90,17,133700,6.2
1161,38,10392,85,18,198700,10.5
1162,57,5345,18,3,47500,12.0
1163,48,8680,86,12,644000,10.3
1164,29,3221,79,25,38500,0.7
1165,37,13093,18,4,179100,9.0
1166,38,9090,79,8,255900,10.5
1167,26,2228,92,18,38900,1.6
1168,27,2651,68,19,58000,1.1
1169,20,2503,60,26,54700,3.4
1170,48,10821,27,3,275700,4.8
1171,53,4515,25,0,60400,5.8
1172,49,10552,26,2,342100,6.0
1173,38,6685,78,17,219200,8.0
1174,29,3580,76,19,65200,4.0
1175,43,8875,81,21,368300,4.7
1176,52,5660,12,4,83200,2.4
1177,23,4546,66,22,62200,0.3
1178,36,8299,28,1,199000,8.6
1179,41,11105,23,4,143500,7.3
1180,43,12132,24,4,158500,4.5
1181,36,11007,89,13,217900,9.0
1182,58,4227,17,1,67900,0.7
1183,43,15000,36,2,141700,1.6
1184,41,9217,75,18,407900,7.7
1185,55,6056,19,3,20700,8.0
1186,67,4317,23,3,59100,0.7
1187,32,8824,70,16,245800,10.8
1188,45,10819,78,17,193600,11.7
1189,31,10943,78,18,469900,11.8
1190,39,10791,46,5,93000,8.4
1191,70,4449,31,2,83000,4.7
1192,43,10852,38,2,205600,6.1
1193,37,9876,84,16,367800,9.8
1194,49,4901,33,1,36900,11.8
1195,40,12286,29,1,147300,3.4
1196,48,12075,27,1,117900,2.8
1197,28,3620,75,18,42900,0.5
1198,40,11702,34,3,97400,3.7
1199,35,11343,38,3,146600,9.2
1200,59,5259,29,2,24000,7.5
1201,37,8829,73,12,171000,6.0
1202,49,6342,21,2,26800,8.6
1203,50,10829,35,4,169000,3.6
1204,59,12285,32,2,154900,5.8
1205,31,9958,78,22,423100,6.5
1206,24,2453,73,28,47600,0.1
1207,25,3534,69,16,51000,3.8
1208,27,11670,86,18,398100,9.0
1209,23,2953,82,23,43500,3.8
1210,26,3092,87,19,54300,0.6
1211,49,10396,40,3,144300,3.2
1212,26,4167,85,26,46500,1.6
1213,55,6336,33,0,79000,3.3
1214,35,8959,75,17,198000,11.6
1215,59,4396,25,2,66600,8.0
1216,35,9032,95,14,219300,10.3
1217,66,5644,16,1,73900,4.6
1218,42,7608,74,25,325800,6.0
1219,34,10658,78,13,165700,6.4
1220,29,8520,78,15,141800,9.9
1221,57,4191,21,2,69400,10.8
1222,65,4883,22,1,37700,0.7
1223,43,8351,70,24,147600,3.8
1224,31,3349,58,25,33400,0.2
1225,45,9673,84,18,561200,3.0
1226,34,9257,74,11,215300,2.1
1227,52,7694,87,20,214300,6.1
1228,40,8861,80,15,201300,3.1
1229,20,2000,89,21,50500,2.9
1230,24,3797,76,23,46800,1.9
1231,49,9882,24,1,178700,8.4
1232,29,3600,90,18,17100,3.9
1233,39,10461,90,17,371300,12.0
1234,56,12342,46,3,170000,2.4
1235,31,8339,87,16,412900,8.9
1236,33,2614,82,19,54500,0.8
1237,40,14264,28,2,239600,6.4
1238,43,10782,36,6,146300,1.9
1239,43,12405,35,5,136200,1.3
1240,44,9635,33,4,250800,4.4
1241,65,5720,30,3,41200,4.6
1242,26,2506,83,22,41000,2.0
1243,58,10024,31,5,229400,3.4
1244,40,11184,80,23,376700,8.6
1245,63,4495,20,3,26800,10.3
1246,57,5909,37,4,35100,9.2
1247,55,5336,24,1,40100,6.3
1248,33,3193,79,20,55900,3.3
1249,56,12802,39,2,175800,9.4
1250,24,4421,65,19,47400,3.5
1251,33,10970,79,14,487500,5.6
1252,48,10161,35,2,270200,8.0
1253,33,3949,82,15,55200,2.0
1254,34,15000,34,2,177400,1.3
1255,36,9868,85,20,319300,8.8
1256,24,3138,83,21,56900,0.4
1257,29,9623,85,20,171300,11.0
1258,47,6076,26,4,28600,0.9
1259,30,3341,88,24,40600,0.5
1260,28,2853,69,23,42100,0.6
1261,30,3104,67,24,71500,1.9
1262,49,13595,51,3,230300,5.1
1263,23,3836,81,21,48900,1.3
1264,64,5554,24,2,38400,0.5
1265,27,3259,78,25,49400,1.3
1266,45,10667,18,5,269100,5.9
1267,32,3262,76,22,29200,1.5
1268,22,8935,88,20,564900,8.9
1269,26,2544,73,22,54800,2.3
1270,58,4965,27,0,51800,1.8
1271,47,11474,79,15,138500,3.6
1272,38,11322,24,2,158000,9.7
1273,45,9542,83,17,429600,5.4
1274,26,2494,67,13,33700,3.0
1275,32,9655,93,23,179900,11.4
1276,42,11018,76,11,233800,6.2
1277,59,12327,38,1,176700,7.0
1278,29,3624,90,18,35400,2.7
1279,26,2823,81,24,40700,3.7
1280,21,2038,74,24,45400,3.5
1281,22,2130,80,14,51200,1.5
1282,28,9357,81,17,184800,4.6
1283,31,10440,68,17,156700,11.1
1284,57,11576,23,1,219800,5.8
1285,20,3469,82,21,36600,0.1
1286,39,8352,81,21,546900,2.9
1287,34,12676,83,16,371500,4.5
1288,28,3086,78,26,42800,1.4
1289,60,3977,24,1,78300,0.9
1290,56,3575,38,3,51600,6.4
1291,34,2866,78,22,62600,3.9
1292,53,10696,32,5,216300,5.2
1293,56,4910,24,2,90600,9.6
1294,61,3819,21,3,31900,6.4
1295,25,2346,73,24,41400,2.9
1296,27,3014,84,21,47100,0.2
1297,26,3207,80,23,39100,2.7
1298,29,2000,64,17,41300,2.2
1299,45,12879,31,2,179900,4.7
1300,61,5092,32,3,74600,8.7
1301,69,4606,15,2,45500,9.5
1302,33,3548,58,19,42400,2.1
1303,30,4201,77,16,60500,0.3
1304,38,11169,88,17,550500,7.6
1305,58,2840,11,4,61900,8.4
1306,23,3250,67,24,18400,2.6
1307,35,10102,84,19,574200,6.1
1308,45,9726,26,3,103700,5.7
1309,52,10748,39,0,160500,8.5
1310,42,11554,75,12,248000,3.7
1311,36,11249,78,19,177400,8.8
1312,48,8747,87,19,251500,2.5
1313,70,4915,16,2,58700,3.9
1314,33,9641,81,21,391600,9.5
1315,43,9476,77,15,505200,2.0
1316,53,12954,34,4,147600,4.2
1317,37,9746,92,12,171100,8.0
1318,46,9196,77,17,242700,3.6
1319,33,11216,81,5,587000,8.3
1320,66,6342,30,2,48600,0.3
1321,39,9138,29,4,97400,9.0
1322,52,9667,34,5,270700,7.0
1323,39,11572,78,26,431200,7.1
1324,58,4254,19,1,61300,11.9
1325,52,12575,32,3,113800,2.1
1326,54,4457,19,3,85000,4.9
1327,58,5208,24,3,71600,7.4
1328,37,10664,36,2,176000,2.0
1329,29,2261,67,16,46100,1.9
1330,32,3404,76,16,33100,1.2
1331,65,4928,33,2,67900,4.4
1332,28,8491,86,12,227500,3.5
1333,57,6952,25,3,51600,10.2
1334,36,9629,67,20,521300,8.5
1335,35,9427,17,4,139200,10.0
1336,46,11973,41,0,241300,9.7
1337,35,3435,81,24,47400,2.3
1338,39,13749,39,4,127800,6.4
1339,45,11512,85,14,416300,2.2
1340,35,11283,78,25,133200,6.2
1341,32,2865,96,20,40200,3.2
1342,28,2450,84,22,52500,2.4
1343,35,12532,29,0,170600,1.6
1344,37,8829,69,21,247900,7.9
1345,26,3367,72,26,59000,1.0
1346,62,5673,28,1,93900,2.3
1347,33,2784,64,24,46200,3.0
1348,38,11453,26,4,79100,6.8
1349,26,3489,81,23,52000,1.3
1350,31,9353,76,19,122800,5.7
1351,43,8478,88,24,550700,11.6
1352,24,3899,77,22,54200,3.9
1353,42,9443,78,19,135300,4.9
1354,47,13100,37,2,226400,8.5
1355,27,3165,75,24,63600,2.4
1356,54,12830,26,4,267900,4.0
1357,32,11010,25,2,265500,7.1
1358,22,2000,72,16,16400,1.9
1359,20,2683,86,17,37700,2.5
1360,50,12252,28,5,221100,8.4
1361,43,10287,84,20,336000,4.5
1362,34,11396,95,22,518400,5.4
1363,21,3357,84,22,40500,1.0
1364,31,2000,79,13,23300,3.3
1365,35,9462,83,21,438600,9.0
1366,28,3913,79,22,34300,0.6
1367,46,10149,74,28,454000,11.3
1368,36,9011,75,13,479300,7.9
1369,57,4770,32,1,14200,9.8
1370,33,9488,69,20,159500,3.1
1371,21,2430,88,16,45600,3.5
1372,26,3152,61,25,42700,4.0
1373,44,5413,33,1,61100,10.3
1374,67,5905,24,2,55100,7.6
1375,28,3079,89,22,51600,1.5
1376,37,9431,68,17,150600,2.2
1377,59,9021,41,3,81100,6.9
1378,70,5799,26,4,37100,9.8
1379,29,3830,71,25,50700,1.0
1380,35,3399,78,12,69200,2.2
1381,46,10873,43,5,125700,9.8
1382,22,3349,76,19,53800,0.0
1383,49,6293,72,15,240900,4.7
1384,35,8143,81,14,615200,6.4
1385,25,2395,88,22,70300,3.1
1386,40,11021,77,18,628300,6.2
1387,37,11047,71,17,197400,2.0
1388,29,3598,77,20,47500,1.0
1389,47,12871,41,2,139500,3.5
1390,35,9426,79,13,199500,9.4
1391,31,3452,71,20,43900,1.1
1392,45,11431,28,0,176200,5.5
1393,47,13167,49,2,188800,1.3
1394,69,4155,16,2,74200,11.6
1395,30,3792,80,23,34100,3.1
1396,36,9788,77,21,270600,3.2
1397,44,10988,20,6,152800,9.7
1398,55,4922,19,0,65100,5.6
1399,39,9945,76,18,519500,9.0
1400,45,9509,81,20,463500,9.7
1401,30,3272,67,21,47600,1.8
1402,41,12658,32,4,219200,9.8
1403,47,9237,58,0,177000,7.9
1404,37,10511,85,19,511100,10.7
1405,37,9696,78,23,215000,2.3
1406,43,10798,86,16,550400,4.8
1407,57,11180,31,4,139300,8.5
1408,40,11547,25,2,198600,2.7
1409,45,12763,48,1,189400,5.1
1410,31,10979,89,16,172400,11.1
1411,40,4935,22,1,107500,2.3
1412,39,13945,32,2,238100,2.2
1413,33,9085,83,18,215500,8.7
1414,37,11367,82,10,158500,7.5
1415,52,11502,34,4,183600,1.6
1416,49,4410,25,2,58000,2.7
1417,27,3367,78,21,58300,2.2
1418,43,11902,35,3,167500,2.0
1419,37,11826,30,1,130900,7.7
1420,26,3279,82,23,39400,3.6
1421,24,2865,84,22,48400,3.5
1422,25,3611,83,31,67600,2.6
1423,28,2959,82,21,51100,1.3
1424,38,10211,71,17,559900,8.7
1425,55,5712,23,2,37000,3.4
1426,54,6200,21,2,87000,10.7
1427,48,5311,23,2,51400,11.0
1428,28,4432,76,20,46100,0.4
1429,33,3487,86,19,22900,0.0
1430,33,11838,77,20,228300,5.2
1431,66,4694,31,1,75700,6.2
1432,25,10807,90,22,502800,7.3
1433,36,3951,81,19,28300,2.7
1434,43,11203,81,19,241900,9.9
1435,47,8318,76,14,199200,9.0
1436,30,2998,70,19,58000,1.4
1437,54,13587,36,2,166400,6.9
1438,20,4042,72,18,57300,1.0
1439,43,12291,35,4,227100,2.1
1440,48,9486,38,6,173000,5.7
1441,48,6210,22,4,55900,4.3
1442,57,5177,21,4,28600,4.1
1443,36,10229,35,0,220200,9.2
1444,27,2453,65,18,40300,1.3
1445,47,12343,41,3,171900,2.6
1446,52,5884,18,4,42300,6.1
1447,39,10511,81,18,488700,8.7
1448,37,9468,87,17,322200,11.0
1449,47,14351,35,4,226400,8.8
1450,37,2000,64,26,46000,2.8
1451,28,3193,83,20,33200,2.8
1452,37,9937,73,23,516300,6.9
1453,45,8927,85,20,459400,6.7
1454,25,3635,74,24,32800,3.6
1455,51,9555,45,3,178500,2.4
1456,40,9201,73,12,209200,6.3
1457,44,12794,35,4,190000,1.4
1458,44,12185,25,1,136500,4.6
1459,35,15000,36,3,158400,3.2
1460,43,15000,19,4,108900,2.4
1461,43,11008,73,17,318900,10.5
1462,51,5308,20,0,47900,5.5
1463,23,3219,65,13,27700,1.2
1464,25,2410,84,22,64000,2.8
1465,36,11657,84,20,540200,6.6
1466,35,9769,44,3,196900,5.2
1467,31,3390,85,29,56600,3.9
1468,48,11306,26,4,182400,5.3
1469,30,3223,88,27,35100,1.0
1470,33,12322,27,5,167400,8.6
1471,34,2523,68,20,25100,2.6
1472,24,3231,81,27,35300,2.1
1473,36,8943,71,17,628700,10.2
1474,42,12506,40,0,261400,7.7
1475,58,6979,27,3,81600,3.9
1476,44,15000,38,2,135900,4.1
1477,57,4755,26,1,27700,3.0
1478,46,12105,31,5,171500,6.1
1479,60,4339,25,1,68600,10.7
1480,46,12147,49,3,79800,3.5
1481,67,5647,26,2,39100,4.2
1482,65,3445,33,2,58400,1.5
1483,46,3893,21,1,77600,10.1
1484,38,12926,44,3,113200,8.6
1485,50,5470,15,1,44600,11.4
1486,62,5483,32,1,69100,5.4
1487,56,5173,16,2,66600,9.6
1488,52,6164,14,3,52500,8.4
1489,44,13549,29,4,188000,4.6
1490,26,2925,96,22,44300,0.9
1491,58,5355,22,3,57300,2.9
1492,26,3335,87,18,45800,0.9
1493,43,7066,73,18,234600,11.0
1494,38,10606,87,20,354300,10.0
1495,59,5399,32,2,43600,6.0
1496,40,11652,31,1,196200,6.4
1497,27,3507,73,18,44600,0.8
1498,37,10876,90,24,488600,7.5
1499,34,3606,77,18,57500,0.0
1500,42,12245,48,4,192700,3.2
1501,52,13654,27,1,138000,6.0
1502,36,10759,98,17,534800,6.8
1503,50,11725,24,2,170700,8.8
1504,54,6713,28,1,57700,2.0
1505,51,6039,24,1,77900,5.4
1506,39,10142,80,25,520500,6.9
1507,64,4661,36,2,59200,5.1
1508,58,3704,26,0,39400,5.2
1509,40,8707,84,23,147100,11.7
1510,24,3299,75,21,52300,2.2
1511,45,10857,24,1,142900,7.9
1512,53,3947,29,2,76000,0.6
1513,48,11742,38,4,231000,1.1
1514,25,2279,78,19,22000,0.7
1515,30,2302,74,18,48300,1.3
1516,29,3250,77,21,39800,1.0
1517,63,4751,19,3,43200,5.5
1518,48,4371,40,2,44800,7.4
1519,31,3683,84,13,22000,1.5
1520,51,4949,30,2,36000,11.9
1521,24,3654,61,22,23300,2.8
1522,36,7187,81,22,199000,6.6
1523,57,6073,29,3,76300,7.6
1524,46,12268,77,16,565600,3.3
1525,49,11264,41,3,171100,9.9
1526,28,2591,75,23,61400,3.9
1527,43,12392,30,1,199900,1.9
1528,31,10350,77,8,284000,5.5
1529,48,3519,26,1,81200,4.1
1530,43,9672,91,15,123400,12.0
1531,30,2883,67,22,25700,3.9
1532,47,5897,32,1,96800,4.1
1533,26,3322,72,16,70900,3.9
1534,25,2957,80,23,33000,3.2
1535,48,7124,26,2,75800,6.5
1536,32,3684,78,23,36000,1.1
1537,41,10711,78,18,459100,10.2
1538,21,3572,90,18,61500,3.7
1539,46,4233,31,2,32500,1.8
1540,50,9920,35,2,204200,5.9
1541,28,3759,77,27,39100,2.2
1542,31,7254,80,17,302800,12.0
1543,40,11566,65,20,214500,10.6
1544,46,4880,26,2,29700,6.5
1545,40,9481,84,19,402600,2.9
1546,69,5090,24,1,81700,10.6
1547,49,11223,69,19,403800,6.4
1548,28,3518,54,17,47500,2.5
1549,49,13009,32,3,248600,8.2
1550,22,2776,88,16,16500,2.2
1551,47,9978,16,2,141700,5.8
1552,46,9819,25,1,138700,3.2
1553,57,5570,34,1,80500,4.9
1554,61,5493,22,2,55100,5.6
1555,59,3492,32,3,42800,8.3
1556,27,3468,89,20,30400,3.3
1557,25,3087,80,29,39900,0.1
1558,26,12223,32,2,87700,2.4
1559,28,3455,79,24,37400,2.6
1560,47,11834,95,22,364300,7.9
1561,34,12273,35,5,247500,5.2
1562,27,3529,72,17,59400,1.8
1563,53,11128,21,3,175900,9.6
1564,38,9962,73,21,139500,10.3
1565,50,9747,73,21,163500,7.1
1566,39,10269,93,15,243200,3.2
1567,33,10006,75,20,231300,4.5
1568,27,2748,89,23,45800,0.7
1569,26,2880,84,19,45200,0.3
1570,31,2533,76,14,33300,3.0
1571,49,11434,34,2,223400,3.6
1572,50,13648,41,5,225200,2.4
1573,50,11484,27,3,206600,5.3
1574,33,3373,84,17,76200,1.3
1575,45,11326,28,3,186900,10.0
1576,32,9138,79,18,319600,4.5
1577,64,6031,19,3,55300,0.1
1578,36,6033,34,3,51800,2.1
1579,47,12890,36,4,156100,2.6
1580,38,10437,86,24,467800,8.1
1581,66,5008,24,2,69700,8.1
1582,22,4209,85,26,57000,3.7
1583,31,3660,72,20,19800,3.0
1584,45,11333,83,28,639700,3.8
1585,42,8821,76,23,520800,11.6
1586,54,5365,23,1,65300,6.2
1587,33,9701,89,13,169900,7.4
1588,45,11659,40,6,132800,5.8
1589,27,2600,75,28,42900,2.6
1590,44,4926,19,2,27900,11.1
1591,30,9898,71,15,207500,5.5
1592,32,10791,85,23,228100,6.5
1593,21,3207,90,15,54900,0.5
1594,34,11611,83,21,513800,4.4
1595,50,12467,19,4,204700,7.7
1596,22,2467,90,17,44200,3.6
1597,52,14760,28,1,209300,3.9
1598,33,8140,79,20,217700,5.3
1599,62,5577,32,2,101600,7.5
1600,39,4420,26,2,83400,1.4
1601,46,4465,13,1,50700,9.7
1602,21,3204,75,21,54800,1.8
1603,63,3631,37,3,55300,5.2
1604,35,9283,79,23,139500,8.7
1605,32,2038,80,20,52400,0.8
1606,38,10670,78,23,173800,9.9
1607,28,2741,78,16,45800,1.6
1608,47,11905,40,4,73600,9.2
1609,38,11814,33,2,224500,1.9
1610,24,9709,82,18,445100,11.4
1611,53,5642,24,3,32400,6.2
1612,40,9964,30,1,165100,6.2
1613,62,6558,20,2,57400,10.9
1614,31,9464,84,21,364800,9.4
1615,29,3053,74,22,44000,0.9
1616,32,3147,79,23,18700,1.3
1617,52,9517,36,4,186100,4.9
1618,50,3518,30,3,58500,4.6
1619,49,4017,28,3,68600,1.2
1620,33,10260,23,0,128300,3.7
1621,32,8845,21,2,166800,8.4
1622,37,10474,87,22,369400,8.2
1623,63,5774,21,3,62800,5.1
1624,33,10688,21,4,155800,1.8
1625,21,3920,82,21,50800,2.6
1626,44,11238,35,4,152900,5.2
1627,52,12681,42,2,203700,1.9
1628,34,9259,87,26,531600,3.4
1629,26,2794,96,22,57000,2.8
1630,39,10979,14,2,85700,8.2
1631,70,5223,28,2,32300,5.0
1632,24,3199,75,20,51700,1.6
1633,63,4464,21,3,27100,7.3
1634,26,3671,90,20,50800,0.7
1635,56,4878,27,1,85100,3.0
1636,58,5278,16,2,57600,0.6
1637,69,5914,27,2,84000,6.5
1638,50,11552,30,1,275400,6.7
1639,39,11808,28,2,225000,1.5
1640,62,5218,18,4,53500,7.6
1641,31,8265,78,12,498100,6.0
1642,28,2995,83,13,35500,0.2
1643,52,10382,28,3,247700,5.9
1644,54,13821,31,2,221000,4.4
1645,54,5409,29,0,42900,2.9
1646,39,13851,30,1,108200,8.4
1647,50,11938,24,3,213500,6.5
1648,39,13586,36,5,177600,6.3
1649,27,8828,77,18,252400,9.1
1650,26,4170,82,20,42400,0.7
1651,45,8144,91,27,230800,4.4
1652,38,9321,91,19,522500,10.2
1653,22,2704,57,20,57400,3.3
1654,34,9791,80,20,779200,11.9
1655,36,9529,88,14,440900,2.5
1656,45,8512,80,26,525200,10.6
1657,67,5169,31,2,54000,2.3
1658,32,3303,66,27,52300,2.6
1659,35,3928,81,15,37200,1.4
1660,48,13656,24,6,256400,6.2
1661,42,10718,85,17,128500,7.8
1662,40,10217,30,4,196800,8.1
1663,41,13825,36,3,184100,6.8
1664,52,11233,83,18,438500,6.8
1665,46,10584,18,3,268500,1.2
1666,49,4698,34,2,63400,10.9
1667,45,10406,81,12,366700,2.2
1668,21,9055,82,20,430200,10.5
1669,25,2582,81,24,46700,1.7
1670,43,12005,36,4,163600,2.4
1671,44,11595,81,19,628300,11.3
1672,37,11055,37,5,226800,8.5
1673,55,2605,29,0,57600,3.6
1674,23,3950,88,22,50000,1.7
1675,42,9629,76,8,174300,9.0
1676,31,10100,85,23,290800,8.1
1677,28,2350,84,24,52400,2.7
1678,26,9300,35,4,210800,6.9
1679,25,3579,82,16,39200,0.8
1680,39,10230,92,11,147400,7.8
1681,47,9540,84,14,119700,10.1
1682,25,2177,67,30,47800,0.5
1683,24,3370,75,17,53400,0.5
1684,49,10282,80,18,603400,3.9
1685,28,8017,83,23,170300,2.5
1686,46,5312,40,4,66600,1.3
1687,34,3279,75,14,34600,2.4
1688,47,13203,36,2,260800,3.0
1689,62,5564,23,0,55800,1.4
1690,46,8971,29,3,210100,3.7
1691,69,4420,35,2,50000,4.7
1692,59,4176,16,2,43100,3.9
1693,63,4755,25,1,43000,11.1
1694,26,2135,70,21,36100,2.8
1695,58,4287,27,3,71100,2.1
1696,50,3682,20,0,49800,8.7
1697,44,11533,24,5,196400,5.6
1698,31,3674,72,18,26000,3.0
1699,51,4756,20,2,51500,2.1
1700,26,2664,83,26,48100,0.4
1701,62,5276,21,1,60300,6.7
1702,60,6234,21,3,98000,4.2
1703,47,7862,46,4,187000,5.6
1704,25,2936,92,32,70500,2.1
1705,26,3079,63,19,31800,3.5
1706,26,3179,84,16,67700,3.0
1707,35,12855,26,3,199000,4.4
1708,39,7628,84,9,627700,7.2
1709,33,11227,64,13,183600,2.0
1710,51,13274,29,5,232700,6.2
1711,27,3438,71,23,39800,3.5
1712,25,3658,92,22,78800,3.1
1713,49,4378,35,3,81700,8.2
1714,45,12852,34,3,175400,8.8
1715,48,11025,86,20,250700,8.9
1716,35,9577,86,18,529000,7.7
1717,65,5037,15,1,38800,0.9
1718,26,3412,80,25,40400,2.9
1719,60,5325,22,3,84500,1.7
1720,45,7966,79,19,508300,5.1
1721,27,3740,79,21,44700,3.2
1722,41,11277,40,3,301400,8.9
1723,37,10612,91,17,245800,11.1
1724,35,9416,80,24,174800,7.8
1725,25,3048,73,22,41600,2.3
1726,43,8578,93,18,143300,6.1
1727,61,4816,31,0,48700,7.1
1728,52,14486,31,2,224600,6.9
1729,41,11446,89,11,172200,4.7
1730,51,11451,43,0,233800,1.5
1731,55,4678,19,3,57700,4.0
1732,49,10760,30,3,224300,1.6
1733,53,4987,28,1,62100,7.4
1734,32,11027,83,22,538800,2.8
1735,24,7764,81,21,209600,6.0
1736,54,3551,21,2,41700,0.0
1737,20,2000,86,19,51600,3.4
1738,28,9122,85,16,185400,9.7
1739,37,9933,87,14,586600,7.5
1740,28,2588,84,12,11800,0.4
1741,40,12017,78,19,170200,9.7
1742,42,7850,75,15,543400,3.6
1743,50,11864,35,1,166200,2.8
1744,24,2327,88,24,40800,3.4
1745,70,4650,21,1,61500,0.7
1746,23,4010,61,22,44600,2.1
1747,65,3884,30,2,74000,9.9
1748,37,12577,72,18,224800,7.1
1749,60,3889,29,0,32400,6.5
1750,33,10272,84,19,276100,11.8
1751,45,12695,29,4,142000,1.5
1752,50,12768,50,3,201000,5.8
1753,22,3273,88,26,55100,3.4
1754,48,12056,35,2,143700,5.4
1755,55,3623,28,3,96800,10.1
1756,58,10239,19,6,205200,1.1
1757,29,2557,82,27,49700,1.4
1758,30,4188,75,29,35900,3.3
1759,21,2827,79,20,36600,1.8
1760,52,5039,23,1,77100,9.0
1761,39,11539,18,2,130700,2.0
1762,47,12149,75,18,482000,8.0
1763,52,11740,20,3,166600,2.1
1764,28,3136,78,29,51500,1.2
1765,57,4967,24,1,86200,3.1
1766,42,8676,78,21,185300,7.5
1767,39,12845,16,3,106000,5.7
1768,56,6003,14,4,75700,5.4
1769,40,8441,89,24,475300,4.3
1770,42,9681,82,22,591400,4.1
1771,35,10479,80,22,618100,7.6
1772,46,8966,77,27,357200,4.3
1773,30,2178,82,25,54800,2.4
1774,32,11459,42,2,250600,7.3
1775,24,2000,74,28,41300,2.1
1776,62,4090,14,1,64500,7.7
1777,40,9791,77,22,423000,7.7
1778,24,2704,90,21,24400,3.2
1779,43,11416,32,1,174800,2.6
1780,55,12395,31,2,183800,1.4
1781,27,3327,86,23,51600,1.1
1782,31,9998,85,17,517300,5.8
1783,26,2587,90,22,21200,3.0
1784,26,3030,73,17,58800,3.8
1785,41,7583,78,23,194600,6.4
1786,38,10144,79,21,242500,2.3
1787,60,2817,36,1,45400,2.0
1788,52,12269,27,3,210600,9.3
1789,50,12939,25,2,156100,7.4
1790,58,6152,26,3,14300,10.6
1791,55,3242,26,3,48100,4.9
1792,39,10115,39,0,218000,8.9
1793,61,5293,23,1,55700,5.8
1794,33,8577,71,21,241600,8.3
1795,49,5135,28,3,80000,9.1
1796,45,12244,52,2,97800,2.1
1797,36,8837,78,19,377400,7.8
1798,36,9214,82,23,149000,2.7
1799,25,2981,76,21,56900,2.4
1800,55,5771,23,4,60800,1.5
1801,33,8723,71,17,214000,4.5
1802,26,4329,80,24,43600,1.5
1803,54,5106,14,2,54900,3.1
1804,54,3979,30,2,64900,1.5
1805,24,4056,74,29,42800,2.6
1806,31,3166,84,17,42700,1.8
1807,34,9652,73,18,171300,11.1
1808,62,4353,23,2,47500,1.8
1809,55,5884,16,2,50800,7.9
1810,44,9758,27,3,262300,6.9
1811,45,11672,37,4,180600,9.1
1812,26,3404,87,18,33700,3.3
1813,32,3816,66,28,59500,0.3
1814,48,10615,28,3,163800,9.6
1815,26,2188,77,27,48100,1.4
1816,24,3388,85,22,32600,2.9
1817,32,8658,65,20,455700,9.0
1818,50,10308,35,5,100700,7.7
1819,42,9624,91,17,181400,9.0
1820,49,5118,33,2,31700,3.0
1821,33,2000,64,17,49000,2.6
1822,27,3711,89,23,40700,0.2
1823,47,9784,29,3,217000,2.6
1824,36,8453,84,12,189300,9.6
1825,28,3722,79,27,24900,3.8
1826,59,7027,19,1,61900,6.7
1827,62,5783,37,1,16900,9.1
1828,28,3227,70,25,42900,2.4
1829,41,10850,21,5,188600,7.1
1830,62,6067,15,1,40400,1.7
1831,35,9662,92,24,513600,4.1
1832,25,4309,69,20,54500,1.5
1833,34,10216,43,4,217500,8.4
1834,54,3440,15,4,84300,1.0
1835,33,9878,79,11,362900,7.8
1836,63,4037,17,1,33700,8.1
1837,30,3427,83,18,50600,3.4
1838,53,3410,25,3,45500,3.2
1839,39,12590,44,1,168300,9.0
1840,36,10353,86,16,151500,6.3
1841,24,9329,78,19,157600,2.6
1842,31,2509,96,14,43500,3.6
1843,56,5355,29,3,72700,8.8
1844,45,10171,83,14,536300,8.4
1845,65,5013,20,1,76600,0.9
1846,20,2772,76,25,29600,3.5
1847,36,11839,47,5,194400,6.9
1848,36,8445,23,1,179800,8.0
1849,28,3223,88,18,63900,1.0
1850,28,8353,74,6,153900,10.2
1851,27,3109,75,21,54000,1.5
1852,22,3628,78,24,50800,3.2
1853,31,3469,86,20,50400,0.1
1854,45,10202,73,13,661800,11.3
1855,54,5100,32,3,7200,4.7
1856,41,11543,26,4,241900,1.6
1857,58,4702,36,4,29000,11.4
1858,65,4779,18,4,30500,11.9
1859,43,6421,24,1,53200,6.4
1860,47,13600,42,4,179300,9.6
1861,60,3453,26,2,90200,11.6
1862,55,5569,28,2,28500,8.1
1863,44,10943,28,4,141400,2.6
1864,54,5944,29,3,35500,10.1
1865,38,9819,75,19,456200,5.1
1866,42,11984,78,20,235700,9.8
1867,45,12490,41,4,239800,8.1
1868,28,3688,75,26,35300,0.7
1869,25,3737,84,25,42700,0.6
1870,65,4070,27,2,59800,11.1
1871,28,2000,77,21,48300,0.7
1872,64,6689,27,2,81700,10.8
1873,32,10493,82,19,505600,8.3
1874,57,7456,18,1,19100,4.0
1875,23,2910,79,20,51000,2.8
1876,47,12746,32,2,241000,4.4
1877,56,5159,30,2,74000,6.1
1878,24,2282,73,19,49900,0.6
1879,35,9151,83,13,220900,5.4
1880,51,13810,15,4,216600,6.6
1881,67,3775,13,3,64300,1.8
1882,53,6657,25,2,69300,1.2
1883,42,7219,87,19,611600,12.0
1884,32,9093,80,15,321500,2.5
1885,57,11134,32,0,192600,7.1
1886,25,10991,87,14,273800,4.4
1887,55,3513,31,1,86700,11.1
1888,53,10765,39,0,230900,4.5
1889,35,11776,86,20,462000,8.4
1890,37,9675,86,18,108300,2.9
1891,50,12185,26,6,204000,7.8
1892,27,10595,86,15,435600,5.1
1893,21,3582,84,20,45100,0.6
1894,62,6224,43,3,67400,6.7
1895,31,8872,77,17,166400,7.1
1896,43,11706,30,2,204400,2.2
1897,52,4585,34,2,31400,8.0
1898,61,5842,31,4,70200,9.3
1899,56,5793,32,3,46800,0.8
1900,33,10530,83,19,380600,9.8
1901,38,12162,85,19,452800,5.9
1902,51,11921,24,3,247700,4.7
1903,34,9391,71,16,191900,4.9
1904,38,11822,31,1,136100,9.8
1905,29,2972,81,17,48700,0.5
1906,45,10826,38,4,196200,4.9
1907,34,3410,94,23,32500,0.1
1908,35,10332,73,16,600200,7.1
1909,32,9839,81,18,584200,4.4
1910,35,10081,83,17,501600,10.7
1911,35,7842,78,19,84600,5.7
1912,47,12072,37,2,183700,4.5
1913,65,4921,31,3,55500,4.0
1914,62,3579,30,1,61600,6.9
1915,36,8828,84,19,208900,11.0
1916,47,4931,28,2,65100,0.6
1917,55,4986,20,2,95100,9.0
1918,38,9532,79,11,579000,2.8
1919,39,9554,86,17,585500,5.2
1920,48,6033,27,3,27400,6.2
1921,33,9853,81,22,463600,7.7
1922,26,3104,78,16,38900,1.1
1923,30,2262,78,29,29700,3.8
1924,32,8487,73,22,205200,2.6
1925,24,3582,90,17,54400,2.3
1926,32,10383,84,13,511500,2.8
1927,36,10253,81,22,639500,2.1
1928,55,11717,30,2,133500,5.1
1929,48,9981,23,3,204000,9.2
1930,37,10186,81,15,581000,4.0
1931,63,4928,25,3,41300,3.9
1932,41,8205,84,17,230900,5.2
1933,60,4134,20,4,68200,1.5
1934,50,7854,87,10,185900,2.6
1935,26,3036,65,15,33400,0.3
1936,43,11816,28,3,177900,2.2
1937,49,12095,37,4,226200,1.3
1938,28,3199,73,17,35100,2.7
1939,44,5052,27,3,67400,4.6
1940,55,3458,31,1,43300,7.9
1941,30,10732,89,18,502400,2.3
1942,38,8555,82,24,332600,9.4
1943,30,10270,77,17,149200,2.4
1944,48,14002,18,3,127500,7.7
1945,31,3863,81,22,34600,2.5
1946,61,10207,15,2,150900,1.3
1947,29,3471,87,24,65500,3.5
1948,50,8892,33,4,180700,7.1
1949,67,5526,33,3,61200,9.8
1950,46,12883,47,1,282200,9.0
1951,39,10412,88,25,497000,9.6
1952,26,2528,66,33,26000,3.7
1953,27,3004,75,25,39700,3.3
1954,44,5715,37,2,45500,1.4
1955,27,3491,75,21,53600,2.8
1956,32,9618,74,28,533000,9.4
1957,27,8601,77,17,507700,11.5
1958,37,12741,39,3,235100,1.5
1959,22,2998,76,15,52100,2.9
1960,20,9838,90,16,187500,6.4
1961,43,8398,84,14,290400,8.6
1962,23,3189,85,20,35800,4.0
1963,30,9542,74,21,193300,8.3
1964,42,5171,35,3,80000,3.6
1965,39,8817,77,24,429600,4.5
1966,44,9508,78,25,476400,7.9
1967,37,14141,45,3,105600,6.7
1968,45,9763,71,18,204900,10.9
1969,43,8186,81,19,173600,10.8
1970,47,9584,31,3,245200,9.1
1971,44,10411,42,5,224500,4.3
1972,29,4018,68,21,54100,0.6
1973,46,6245,27,2,68000,2.1
1974,52,11238,31,2,132200,7.6
1975,32,12324,87,23,576800,3.1
1976,34,3353,75,23,48100,0.6
1977,43,12152,21,6,153200,8.5
1978,31,3018,94,23,24200,0.5
1979,49,12963,34,2,119500,5.1
1980,28,3067,77,26,48300,3.8
1981,41,9133,78,10,217300,4.6
1982,40,7987,85,14,329000,3.8
1983,38,8703,86,14,202200,5.5
1984,31,7700,80,11,594300,6.0
1985,32,10094,69,15,616200,10.6
1986,25,3197,82,24,48700,0.8
1987,45,13523,33,3,219300,8.4
1988,64,5604,29,2,53000,5.8
1989,23,2966,75,25,39800,3.7
1990,24,3151,78,23,31800,2.4
1991,40,10353,45,4,204300,4.2
1992,43,11086,23,1,229600,7.2
1993,52,4162,34,3,59000,9.8
1994,49,12363,34,3,226300,4.0
1995,37,9454,26,4,218900,2.2
1996,55,6112,18,2,53600,6.1
1997,31,9511,76,26,164200,4.1
1998,70,5323,26,3,41600,6.2
1999,24,3882,78,21,49400,3.9
2000,35,11613,77,12,271100,10.4
